EmployeeID,EmployeeName,Department,HireDate
2001,Employee 1,Admin,2017-04-13
2002,Employee 2,Admin,2012-11-08
2003,Employee 3,Management,2014-04-02
2004,Employee 4,Logistics,2017-11-24
2005,Employee 5,Operations,2011-02-27
2006,Employee 6,Operations,2014-01-29
2007,Employee 7,Logistics,2013-10-28
2008,Employee 8,Management,2012-01-28
2009,Employee 9,Operations,2017-09-11
2010,Employee 10,Logistics,2013-01-09
2011,Employee 11,Operations,2014-04-24
2012,Employee 12,Admin,2019-11-29
2013,Employee 13,Operations,2016-10-07
2014,Employee 14,Management,2011-03-05
2015,Employee 15,Logistics,2019-06-22
2016,Employee 16,Management,2015-07-15
2017,Employee 17,Logistics,2010-07-23
2018,Employee 18,Admin,2016-02-22
2019,Employee 19,Logistics,2017-08-07
2020,Employee 20,Operations,2016-05-21
2021,Employee 21,Operations,2015-06-16
2022,Employee 22,Admin,2016-02-22
2023,Employee 23,Logistics,2010-11-03
2024,Employee 24,Admin,2014-08-15
2025,Employee 25,Operations,2010-01-14
2026,Employee 26,Management,2015-02-04
2027,Employee 27,Admin,2018-10-23
2028,Employee 28,Management,2015-05-16
2029,Employee 29,Management,2012-12-16
2030,Employee 30,Logistics,2011-12-24
2031,Employee 31,Admin,2012-02-19
2032,Employee 32,Management,2013-05-18
2033,Employee 33,Management,2011-06-13
2034,Employee 34,Logistics,2012-03-08
2035,Employee 35,Logistics,2010-12-10
2036,Employee 36,Operations,2013-07-26
2037,Employee 37,Management,2010-07-28
2038,Employee 38,Operations,2011-10-03
2039,Employee 39,Management,2019-04-30
2040,Employee 40,Operations,2013-08-04
2041,Employee 41,Logistics,2016-04-18
2042,Employee 42,Admin,2019-02-19
2043,Employee 43,Logistics,2016-05-07
2044,Employee 44,Operations,2015-05-02
2045,Employee 45,Operations,2012-07-08
2046,Employee 46,Admin,2014-09-20
2047,Employee 47,Management,2015-08-07
2048,Employee 48,Operations,2011-02-23
2049,Employee 49,Operations,2014-10-16
2050,Employee 50,Operations,2017-10-13
2051,Employee 51,Admin,2018-12-27
2052,Employee 52,Logistics,2013-10-20
2053,Employee 53,Operations,2013-01-04
2054,Employee 54,Admin,2019-04-16
2055,Employee 55,Operations,2017-08-04
2056,Employee 56,Management,2016-10-16
2057,Employee 57,Admin,2015-11-27
2058,Employee 58,Operations,2017-05-12
2059,Employee 59,Admin,2014-03-26
2060,Employee 60,Operations,2012-12-06
2061,Employee 61,Logistics,2016-08-23
2062,Employee 62,Operations,2015-01-25
2063,Employee 63,Admin,2013-01-24
2064,Employee 64,Management,2012-08-15
2065,Employee 65,Management,2010-04-13
2066,Employee 66,Management,2018-01-18
2067,Employee 67,Operations,2017-12-11
2068,Employee 68,Logistics,2013-03-15
2069,Employee 69,Operations,2015-03-19
2070,Employee 70,Management,2018-06-26
2071,Employee 71,Admin,2014-10-22
2072,Employee 72,Management,2017-01-21
2073,Employee 73,Admin,2011-11-10
2074,Employee 74,Logistics,2015-05-23
2075,Employee 75,Admin,2012-09-15
2076,Employee 76,Operations,2013-01-10
2077,Employee 77,Operations,2016-10-11
2078,Employee 78,Operations,2014-05-27
2079,Employee 79,Admin,2017-11-09
2080,Employee 80,Operations,2014-02-11
2081,Employee 81,Operations,2014-11-25
2082,Employee 82,Operations,2013-03-31
2083,Employee 83,Logistics,2012-07-20
2084,Employee 84,Admin,2013-11-26
2085,Employee 85,Admin,2019-10-20
2086,Employee 86,Management,2012-11-27
2087,Employee 87,Admin,2015-06-02
2088,Employee 88,Logistics,2017-01-02
2089,Employee 89,Admin,2016-09-06
2090,Employee 90,Logistics,2015-08-05
2091,Employee 91,Logistics,2017-07-23
2092,Employee 92,Admin,2016-12-16
2093,Employee 93,Management,2018-12-16
2094,Employee 94,Operations,2013-07-02
2095,Employee 95,Operations,2013-04-17
2096,Employee 96,Admin,2017-02-07
2097,Employee 97,Admin,2011-08-17
2098,Employee 98,Logistics,2016-09-02
2099,Employee 99,Admin,2013-11-22
2100,Employee 100,Logistics,2016-01-15
